Imagen subida,Nombre producto,URL imagen
corteza,Aroma Corteza,https://vaporis.pruebalucuma.site/wp-content/uploads/2026/06/corteza.png
tropical fruits,Aroma Tropical Fruits,https://vaporis.pruebalucuma.site/wp-content/uploads/2026/06/tropical-fruits.png
urban fit,Aroma Urban Fit,https://vaporis.pruebalucuma.site/wp-content/uploads/2026/06/urban-fit.png
aura,Aroma Aura,https://vaporis.pruebalucuma.site/wp-content/uploads/2026/06/aura.png
blossom,Aroma Blossom,https://vaporis.pruebalucuma.site/wp-content/uploads/2026/06/blossom.png
canelita,Aroma Canelita,https://vaporis.pruebalucuma.site/wp-content/uploads/2026/06/canelita.png
carmesi,Aroma Carmesi,https://vaporis.pruebalucuma.site/wp-content/uploads/2026/06/carmesi.png
citrus bloom,Aroma Citrus Bloom,https://vaporis.pruebalucuma.site/wp-content/uploads/2026/06/citrus-bloom.png
classic blue,Aroma Classic Blue,https://vaporis.pruebalucuma.site/wp-content/uploads/2026/06/classic-blue.png
coco zen,Aroma Coco Zen,https://vaporis.pruebalucuma.site/wp-content/uploads/2026/06/coco-zen.png
cookie forest,Aroma Cookie Forest,https://vaporis.pruebalucuma.site/wp-content/uploads/2026/06/cookie-forest.png
coral,Aroma Coral,https://vaporis.pruebalucuma.site/wp-content/uploads/2026/06/coral.png
dark motion,Aroma Dark Motion,https://vaporis.pruebalucuma.site/wp-content/uploads/2026/06/dark-motion.png
Delicia,Aroma Delicia,https://vaporis.pruebalucuma.site/wp-content/uploads/2026/06/Delicia.png
dream love,Aroma Dream Love,https://vaporis.pruebalucuma.site/wp-content/uploads/2026/06/dream-love.png
dulce bouquet,Aroma Dulce Bouquet,https://vaporis.pruebalucuma.site/wp-content/uploads/2026/06/dulce-bouquet.png
dulce estacion,Aroma Dulce Estacion,https://vaporis.pruebalucuma.site/wp-content/uploads/2026/06/dulce-estacion.png
floral breeze,Aroma Floral Breeze,https://vaporis.pruebalucuma.site/wp-content/uploads/2026/06/floral-breeze.png
frescura oriental,Aroma Frescura Oriental,https://vaporis.pruebalucuma.site/wp-content/uploads/2026/06/frescura-oriental.png
glamour,Aroma Glamour,https://vaporis.pruebalucuma.site/wp-content/uploads/2026/06/glamour.png
golden,Aroma Golden,https://vaporis.pruebalucuma.site/wp-content/uploads/2026/06/golden.png
herbal paradise,Aroma Herbal Paradise,https://vaporis.pruebalucuma.site/wp-content/uploads/2026/06/herbal-paradise.png
honey,Aroma Honey,https://vaporis.pruebalucuma.site/wp-content/uploads/2026/06/honey.png
lavanda francesa,Aroma Lavanda Francesa,https://vaporis.pruebalucuma.site/wp-content/uploads/2026/06/lavanda-francesa.png
macchiato,Aroma Macchiato,https://vaporis.pruebalucuma.site/wp-content/uploads/2026/06/macchiato.png
mango tropical,Aroma Mango Tropical,https://vaporis.pruebalucuma.site/wp-content/uploads/2026/06/mango-tropical.png
matcha,Aroma Matcha,https://vaporis.pruebalucuma.site/wp-content/uploads/2026/06/matcha.png
moonlight,Aroma Moonlight,https://vaporis.pruebalucuma.site/wp-content/uploads/2026/06/moonlight.png
nice,Aroma Nice,https://vaporis.pruebalucuma.site/wp-content/uploads/2026/06/nice.png
otoño,Aroma Otoño,https://vaporis.pruebalucuma.site/wp-content/uploads/2026/06/otono.png
pasion,Aroma Pasion,https://vaporis.pruebalucuma.site/wp-content/uploads/2026/06/pasion.png
passion sour,Aroma Passion Sour,https://vaporis.pruebalucuma.site/wp-content/uploads/2026/06/passion-sour.png
peonia,Aroma Peonia,https://vaporis.pruebalucuma.site/wp-content/uploads/2026/06/peonia.png
pink glow,Aroma Pink Glow,https://vaporis.pruebalucuma.site/wp-content/uploads/2026/06/pink-glow.png
primavera,Aroma Primavera,https://vaporis.pruebalucuma.site/wp-content/uploads/2026/06/primavera.png
Rosa pasional,Aroma Rosa Pasional,https://vaporis.pruebalucuma.site/wp-content/uploads/2026/06/Rosa-pasional.png
rose,Aroma Rose,https://vaporis.pruebalucuma.site/wp-content/uploads/2026/06/rose.png
ruta aromatica,Aroma Ruta Aromatica,https://vaporis.pruebalucuma.site/wp-content/uploads/2026/06/ruta-aromatica.png
serenity,Aroma Serenity,https://vaporis.pruebalucuma.site/wp-content/uploads/2026/06/serenity.png
soft pear,Aroma Soft Pear,https://vaporis.pruebalucuma.site/wp-content/uploads/2026/06/soft-pear.png
sunny,Aroma Sunny,https://vaporis.pruebalucuma.site/wp-content/uploads/2026/06/sunny.png
sweet harvest,Aroma Sweet Harvest,https://vaporis.pruebalucuma.site/wp-content/uploads/2026/06/sweet-harvest.png
te silvestre,Aroma Te Silvestre,https://vaporis.pruebalucuma.site/wp-content/uploads/2026/06/te-silvestre.png
vainilla glow,Aroma Vainilla Glow,https://vaporis.pruebalucuma.site/wp-content/uploads/2026/06/vainilla-glow.png
versalles,Aroma Versalles,https://vaporis.pruebalucuma.site/wp-content/uploads/2026/06/versalles.png
white tea,Aroma White Tea,https://vaporis.pruebalucuma.site/wp-content/uploads/2026/06/white-tea.png
