Box,Difusor,Tipo Aroma
Esencia viva,ND-110,Todos
Drive & Scent,OV-1,Solo scent
Brisa interior,ND-120,Solo scent
Fragancia serena,ND-140,Solo scent
Aroma delicado,ND-150,Solo scent
Esencia sutil,ND-160,Solo scent
Armonía interior,OV-4,Solo scent
Aire de serenidad ,ND-300,Todos
Aura de confort,OV-5,Todos
Exclusividad sensorial,OP-3,Solo scent
Distinción sensorial,OP-5,Solo scent
Esencia íntima ,OV-3,Solo scent
Balance,OV-6,Solo scent
Prestige essence,Pro-300,Todos
Armonía sofisticada,ND-500,Todos
Sublime intensiad ,OP-7,Solo scent
Expansión esencial,OS-6,Solo scent
Dominio Aromático,ND-700,Solo scent
Experiencia suprema,OS-4,Solo scent
Sensación suprema,OS-5,Solo scent
Proyección aromática,ND-800,Solo scent
Magnitud sensorial,OS-7,Solo scent
Poder aromático,OW-006,Solo scent
Impacto integral,OW-010,Solo scent
Presencia monumental ,OW-020,Solo scent
Eternidad aromática,ECO,Solo scent
Alcance supremo,OW-030,Solo scent
Impacto exclusivo,Mini AD-Scent,Solo scent